{"stats":{"minecraft:picked_up":{"minecraft:dirt":4},"minecraft:custom":{"minecraft:jump":7,"minecraft:time_since_rest":811,"minecraft:damage_dealt":10,"minecraft:leave_game":1,"minecraft:sprint_one_cm":3060,"minecraft:play_time":811,"minecraft:damage_taken":50,"minecraft:time_since_death":811,"minecraft:walk_one_cm":3700,"minecraft:total_world_time":811,"minecraft:fall_one_cm":269,"minecraft:fly_one_cm":1387},"minecraft:used":{"minecraft:dirt":4},"minecraft:mined":{"minecraft:grass_block":4}},"DataVersion":3465}