{"stats":{"minecraft:picked_up":{"minecraft:dirt":6},"minecraft:used":{"born_in_chaos_v1:supreme_measure":33,"cataclysm:ignis_spawn_egg":1,"minecraft:chest":1,"alexsmobs:spawn_egg_platypus":2,"minecraft:dirt":2,"aquamirae:whisper_of_the_abyss":18,"born_in_chaos_v1:darkwarblade":8},"minecraft:custom":{"minecraft:jump":22,"minecraft:open_chest":1,"minecraft:time_since_rest":9083,"minecraft:damage_dealt":9135,"minecraft:sprint_one_cm":3248,"minecraft:play_time":9083,"minecraft:damage_taken":45,"minecraft:time_since_death":9083,"minecraft:walk_one_cm":5330,"minecraft:total_world_time":9083,"minecraft:fly_one_cm":12792,"minecraft:leave_game":1},"minecraft:mined":{"minecraft:grass":1,"minecraft:grass_block":3,"minecraft:dirt":3}},"DataVersion":3465}